Company Name,Website
TCS,tcs.com
Cognizant,cognizant.com
Infosys,infosys.com
Wipro,wipro.com
Hewlett-Packard India,hp.com/in-en
HCL Technologies,hcltech.com
Tech Mahindra,techmahindra.com
IBM India,ibm.com/in-en
Ingram Micro India,ingrammicro.com/en-in
Redington India,redingtongroup.com
Dell India,dell.com/en-in
Oracle India,oracle.com/in
SAP India,sap.com/india
Cisco Systems India,cisco.com/c/en_in
Microsoft India,microsoft.com/en-in
IGATE,capgemini.com/in-en
APC by Schneider Electric India,apc.com/in/en
Capgemini India,capgemini.com/in-en
Intel India,intel.in
HCL Infosystems,hclinfosystems.in
Lenovo India,lenovo.com/in/en
Savex Computers,savex.in
Mphasis,mphasis.com
Syntel,atos.net
L&T Infotech,ltimindtree.com
Samsung India,samsung.com/in
Acer India,acer.com/in-en
Rolta India,rolta.com
Mindtree,ltimindtree.com
Genpact,genpact.com
KPIT Technologies,kpit.com
Rashi Peripherals,rptechindia.com
CSC India,dxc.com
Vakrangee,vakrangee.in
Cyient,cyient.com
Hexaware Technologies,hexaware.com
Tata Technologies,tatatechnologies.com
Zensar Technologies,zensar.com
Iris Computers,iriscomputers.com
Apple India,apple.com/in
CMC,cmcltd.com
EMC India,dell.com/en-in
NIIT Technologies,coforge.com
Asus India,asus.com/in
Compuage Infocom,compuageinfocom.com
Texas Instruments India,ti.com
Canon India,in.canon
Lycos Internet,lycos.com
Supertron Electronics,supertronindia.com
Polaris Consulting & Services,virtusa.com
Persistent Systems,persistent.com
Infinite Computer Solutions,infinite.com
Sonata Software,sonata-software.com
Ricoh India,ricoh.in
Neoteric Infomatique,neoteric.in
Symantec India,broadcom.com
ITC Infotech India,itcinfotech.com
NetApp India,netapp.com
SFO Technologies,sfotechnologies.com
3i Infotech,3i-infotech.com
Sify Technologies,sify.com
Seagate India,seagate.com/in/en
CSS Corp,movate.com
Zicom Electronic Security Systems,zicom.com
Geometric,geometricglobal.com
Epson India,epson.co.in
Mastek,mastek.com
Xerox India,xerox.com/en-in
Birlasoft,birlasoft.com
NIIT Limited,niit.com
eClerx,eclerx.com
OnMobile Global,onmobile.com
AGC Networks,agcnetworks.com
Tata Elxsi,tataelxsi.com
Intex Technologies,intextechnologies.com
TAKE Solutions,takesolutions.com
Adobe Systems India,adobe.com/in
Aurionpro,aurionpro.com
Juniper Networks India,juniper.net
Cybage Software,cybage.com
R Systems International,rsystems.com
VMware,vmware.com
CORE Education & Technologies,coreeducation.com
D-Link,in.dlink.com
Fujitsu India,fujitsu.com/in
AMD India,amd.com
Intellect Design Arena,intellectdesign.com
Fortune Marketing,fortunemarketing.in
Trigyn Technologies,trigyn.com
Accel Frontline,accelfrontline.in
LG India,lg.com/in
Team Computers,teamcomputers.com
CA Technologies India,broadcom.com
RS Software,rssoftware.com
Sasken Communication Technology,sasken.com
Zylog Systems,zylog.com
Subex,subex.com
Nucleus Software,nucleussoftware.com
Huawei India,huawei.com/in
SQS India BFSI,expleogroup.com
